CustomerID,FirstName,LastName,DOB,CustomerAccountNumber,CustomerType,CreditScore,AnnualIncome,Occupation
1007,Colleen,Maldonado,27-07-1962,10076576,Individual,658,44046,Salaried
1011,Calvin,Howell,14-06-1966,10110122,Business,532,252561,Salaried
1032,James,Gonzalez,24-06-1993,10310959,Individual,517,425141,Unemployed
1033,Kimberly,Ramirez,08-08-1988,10338423,Business,500,409216,Retired
1048,Jacob,Bentley,14-11-1977,10482349,Individual,303,166726,Retired
1051,Joshua,Key,10-05-1959,10516367,Individual,574,440373,Unemployed
1063,Margaret,Morgan,03-03-1958,10628942,Individual,666,392481,Salaried
1109,John,Navarro,15-09-1962,11070533,Individual,664,311567,Salaried
1111,Penny,Harris,10-07-1957,11110324,Individual,645,305551,Salaried
1116,Marc,Wang,05-06-1960,11157338,Business,625,398154,Retired
1141,Elijah,Ross,05-05-1999,11400593,Business,759,281284,Salaried
1148,Marcus,Brown,06-03-1965,11488873,Business,586,33050,Retired
1156,Anthony,George,24-10-1985,11576195,Business,555,379328,Retired
1167,Travis,Mccullough,21-12-1972,11671866,Business,594,271668,Self-Employed
1175,Paul,Brown,07-03-1959,11750973,Business,534,347531,Self-Employed
1199,Rachel,Gibson,29-10-1987,11990453,Business,360,250494,Unemployed
1201,Holly,Clayton,26-03-1996,12019270,Business,675,165344,Salaried
1217,Kevin,Little,18-05-1982,12179926,Business,579,107856,Retired
1240,Robert,Russell,15-08-1997,12402352,Business,434,32676,Self-Employed
1247,Heidi,Luna,03-07-1964,12485938,Business,512,249193,Unemployed
1249,Thomas,Dodson,22-07-1984,12512095,Individual,584,160213,Salaried
1265,James,Stewart,15-11-1972,12655477,Business,611,421922,Retired
1274,Tara,Bright,06-04-1981,12742587,Individual,673,173485,Retired
1343,Steven,Oconnell,07-01-2002,13409042,Business,725,32865,Retired
1351,Kevin,Cohen,20-10-1984,13550019,Individual,722,250215,Self-Employed
1366,Derek,Gonzales,30-09-1979,13666354,Individual,682,35295,Retired
1374,Luis,Shaw,23-06-2000,13751973,Individual,844,355353,Retired
1387,David,Castro,17-12-1985,13800827,Individual,776,442230,Salaried
1388,Mandy,Gardner,24-01-1960,13891393,Individual,463,425005,Retired
1398,Megan,Cole,27-10-1987,13984241,Individual,817,64280,Salaried
1399,Melissa,Bender,13-03-1975,13991574,Business,704,392000,Salaried
1401,Steven,Cardenas,15-09-1954,14024877,Business,461,358042,Self-Employed
1402,Teresa,Nguyen,30-09-1965,14029896,Individual,609,467101,Salaried
1404,Arthur,Tapia,03-02-1983,14052129,Individual,488,171593,Salaried
1416,Gregory,Hawkins,26-06-1961,14172537,Business,329,139589,Unemployed
1422,Jessica,Andrews,03-04-1991,14220539,Individual,420,447052,Retired
1425,Todd,Stout,02-08-1968,14255661,Individual,399,106471,Unemployed
1431,Jason,Weeks,02-04-2006,14384831,Individual,539,87801,Retired
1441,Michael,Martinez,15-04-1987,14415512,Business,549,292557,Self-Employed
1492,Debbie,Berry,17-02-1999,14922900,Business,742,467064,Unemployed
1496,Ashley,Lopez,17-07-1967,14956822,Business,677,169269,Retired
1498,Joy,Taylor,23-10-2005,14973489,Individual,318,94745,Retired
1500,Jennifer,Turner,15-07-1961,15005295,Individual,741,328934,Retired
1520,Kayla,Harris,13-12-1993,15245835,Individual,657,52399,Salaried
1524,Cody,Erickson,13-06-1980,15244248,Business,323,271946,Retired
1526,Gina,Beltran,18-10-1996,15273520,Business,350,416807,Salaried
1535,Sarah,Bailey,28-11-1978,15537346,Business,404,288619,Self-Employed
1536,Claudia,Ward,15-04-1996,15560483,Business,705,204865,Retired
1540,Katie,Turner,17-12-1977,15562968,Individual,581,345650,Retired
1541,Debra,Montoya,29-11-1974,15564994,Business,679,470000,Self-Employed
1557,Jason,Rose,25-04-1990,15632263,Individual,568,60757,Unemployed
1566,Christopher,Perez,09-01-1995,15759381,Individual,568,85148,Self-Employed
1587,Carlos,James,07-03-1955,15807045,Business,539,88961,Unemployed
1601,Emily,Reeves,27-03-1994,16044217,Individual,765,298100,Self-Employed
1606,Charlotte,Chambers,06-12-1986,16103166,Individual,511,345150,Self-Employed
1608,Richard,Benitez,11-06-1967,16115184,Individual,751,327984,Self-Employed
1610,Jeffrey,Marshall,01-08-1971,16118607,Individual,822,194832,Unemployed
1625,Jessica,Castillo,06-02-1999,16227011,Individual,362,82697,Salaried
1629,Jessica,Carter,02-12-1963,16229481,Business,643,90529,Salaried
1630,Amanda,Olsen,16-08-1993,16230475,Individual,779,218015,Retired
1631,Christopher,Cooper,13-10-1974,16231220,Business,353,89881,Retired
1638,Jason,Valentine,11-08-1991,16409970,Business,370,475701,Unemployed
1640,Martin,Johnson,14-04-1967,16432263,Business,367,71368,Retired
1651,Michelle,Andrews,17-07-1970,16450225,Business,643,392354,Salaried
1656,Holly,Turner,13-09-1964,16472544,Individual,781,451251,Self-Employed
1661,Rachel,Matthews,15-03-1996,16524247,Business,576,97045,Unemployed
1669,Andrew,Blackburn,03-06-1978,16570619,Individual,624,365665,Salaried
1705,Brandon,Morris,04-01-1977,17067675,Business,402,370921,Unemployed
1708,Gina,Sherman,22-09-1975,17096276,Business,532,464552,Unemployed
1710,Sandra,Johnson,13-09-1981,17169970,Business,441,142175,Salaried
1727,Kimberly,Wright,05-01-1962,17200455,Individual,519,119042,Unemployed
1744,Jennifer,Proctor,03-09-1990,17203266,Individual,674,422980,Unemployed
1747,Roger,Garza,06-07-1980,17218512,Individual,353,85192,Salaried
1750,Spencer,Chung,04-08-1991,17596334,Business,527,364114,Unemployed
1765,Jessica,Prince,19-02-2001,17605519,Individual,618,198911,Self-Employed
1774,Richard,Morris,18-08-1962,17626061,Individual,769,423052,Unemployed
1780,Brooke,Brandt,22-02-2005,17652163,Individual,479,456174,Unemployed
1782,Jason,Nguyen,04-01-1976,17671858,Individual,840,138399,Self-Employed
1788,Michelle,Fuentes,05-05-1984,17850353,Business,347,426148,Retired
1792,James,Stafford,07-09-1969,17876259,Individual,840,348411,Self-Employed
1795,Tammy,Owens,06-06-1965,17890314,Individual,768,163666,Salaried
1808,Andres,Sullivan,10-10-1970,18215004,Individual,624,228465,Unemployed
1824,Brenda,Thomas,12-09-2003,18314171,Individual,348,98495,Unemployed
1832,Kelsey,Brooks,24-01-1967,18386188,Individual,722,54772,Self-Employed
1835,Shannon,Jensen,17-07-1962,18401342,Business,651,284021,Unemployed
1843,Autumn,Baker,29-11-1995,18428148,Business,768,207758,Self-Employed
1869,Matthew,Townsend,06-11-1980,18678230,Individual,660,429201,Retired
1881,Kerri,Stone,11-10-1976,18896589,Individual,378,326399,Self-Employed
1892,Robert,Werner,09-10-2005,18976593,Individual,733,148577,Retired
1909,Elizabeth,Hill,30-04-1965,19011856,Individual,714,298442,Self-Employed
1912,Ashlee,May,01-04-1967,19182316,Business,624,302865,Unemployed
1925,Patrick,Crawford,28-07-1970,19213212,Individual,510,163934,Retired
1926,Cassandra,Gates,25-03-1979,19213734,Business,469,361136,Retired
1930,Cynthia,Castro,13-09-2005,19358752,Individual,526,481342,Salaried
1937,Robin,Phelps,26-12-1986,19398971,Business,776,117974,Self-Employed
1943,Peter,Chan,20-01-1969,19405769,Business,813,295317,Self-Employed
1957,Christina,Clark,17-10-1970,19574538,Individual,460,450300,Unemployed
1970,Bradley,Christian,29-06-1959,19760510,Individual,301,86519,Unemployed
1971,Lori,Gonzalez,04-01-2002,19783931,Individual,390,322495,Salaried
1972,Jeremy,Kim,13-11-1978,19797079,Business,481,290395,Unemployed
1980,Jose,Valdez,30-04-1990,19837032,Business,596,370374,Unemployed
2006,Mary,Dunn,24-03-1959,20067840,Business,411,75205,Self-Employed
2010,Jordan,Davidson,04-09-1991,20102295,Business,670,352057,Salaried
2012,Sara,Davis,19-07-1961,20104361,Business,441,42658,Unemployed
2014,April,Coleman,31-12-1998,20112592,Business,594,148792,Self-Employed
2021,Joy,Wilson,19-09-1972,20202362,Business,312,380127,Retired
2033,Amy,Cruz,12-08-1958,20236711,Business,410,171967,Self-Employed
2046,Brenda,Webb,14-02-1962,20242039,Business,649,286681,Unemployed
2050,Ryan,Lynch,03-04-1962,20248868,Individual,363,205284,Salaried
2069,Sarah,Zimmerman,16-09-1969,20273481,Individual,306,415890,Retired
2101,Michael,Peterson,20-05-1996,21677833,Business,534,256917,Salaried
2105,Pamela,Bishop,13-10-1984,21690100,Individual,324,429493,Salaried
2106,Linda,Andrews,22-01-1992,21691385,Business,414,324336,Unemployed
2119,Pamela,Castro,22-06-1962,21694111,Business,761,481746,Salaried
2151,Melanie,Norton,04-05-1976,21702378,Business,464,87720,Salaried
2155,Alyssa,Martin,29-12-1984,21702433,Business,520,380451,Self-Employed
2178,Yolanda,Lopez,23-07-1958,21749199,Business,720,280234,Retired
2182,Courtney,Burns,21-03-1977,21760471,Individual,742,424569,Self-Employed
2184,Rita,Kennedy,06-03-1997,21774497,Business,309,415769,Retired
2185,Stacey,Doyle,06-06-1996,21803296,Business,616,287871,Salaried
2186,Heidi,Moreno,22-02-1980,21826271,Individual,649,106677,Self-Employed
2193,Mark,Baker,26-01-1987,21863001,Business,588,487658,Salaried
2197,Jeffrey,Perry,29-12-1970,21872853,Individual,482,100967,Retired
2203,Destiny,Caldwell,13-11-2001,22838644,Individual,605,296518,Unemployed
2204,Amanda,Poole,12-02-1958,22855332,Individual,843,61750,Self-Employed
2206,Steven,Morgan,21-11-1987,22878701,Business,651,216463,Self-Employed
2225,Robert,Mcgee,14-11-1978,22881476,Business,331,40337,Unemployed
2235,Timothy,Murray,20-12-1983,22897516,Business,796,49437,Self-Employed
2240,Edward,Singh,10-01-2006,22901181,Individual,844,36352,Salaried
2256,John,Wiggins,11-07-1989,22933377,Business,594,404949,Salaried
2260,Troy,Duke,18-10-1962,22937099,Individual,434,214454,Retired
2274,Dennis,Bennett,04-04-1972,22956718,Individual,698,371203,Self-Employed
2283,Elaine,Maxwell,13-09-1997,22989735,Business,428,439741,Self-Employed
2314,John,Peters,19-12-1995,23566103,Business,363,287434,Salaried
2323,Christopher,Berry,08-10-1980,23591154,Business,561,201230,Self-Employed
2346,Patricia,Meyer,20-04-1964,23610100,Business,366,246673,Unemployed
2353,Jesse,Mathis,29-06-1995,23611269,Individual,404,408469,Salaried
2355,Christopher,Perez,10-02-1984,23626745,Business,653,485717,Retired
2362,Fernando,Simmons,19-03-1984,23630720,Individual,414,109881,Unemployed
2385,Alejandra,Rodriguez,06-07-1998,23635217,Business,600,95491,Retired
2403,John,King,04-11-1996,24385841,Business,329,413468,Unemployed
2426,Breanna,Smith,28-08-1956,24412290,Individual,756,397527,Retired
2431,Andrew,Maddox,16-01-2003,24466179,Individual,835,374163,Unemployed
2433,Dwayne,Clark,17-07-1999,24469628,Individual,512,349514,Retired
2437,Michele,Lewis,12-01-1984,24479716,Business,703,125949,Salaried
2441,Nathan,Warren,30-01-1976,24584120,Individual,571,155986,Unemployed
2445,Walter,Wilson,13-09-2002,24592917,Individual,771,136763,Self-Employed
2454,Julia,Jones,18-11-1994,24610015,Business,746,161382,Self-Employed
2458,Kenneth,Mejia,18-11-1961,24650815,Individual,341,410613,Unemployed
2467,Jeanne,Schwartz,03-06-2004,24682341,Individual,548,131398,Unemployed
2474,Ryan,Miller,17-09-1975,24691650,Business,677,298372,Self-Employed
2479,Lisa,Hernandez,29-04-2001,24701600,Business,526,314612,Self-Employed
2490,Joshua,Woods,27-12-1972,24724522,Business,737,367640,Unemployed
2523,Jamie,Long,15-03-1983,25473711,Individual,699,36921,Unemployed
2543,Clinton,Leach,20-05-1977,25494104,Business,456,484349,Salaried
2547,Sonia,Robinson,01-12-1990,25523106,Business,689,332876,Salaried
2552,Benjamin,Dickson,26-03-1979,25527671,Business,813,136886,Unemployed
2554,Kaitlyn,Beard,02-03-1964,25577207,Business,689,358756,Salaried
2562,Elizabeth,Lewis,07-05-1959,25595477,Business,519,480180,Retired
2566,Michael,Fox,07-09-1979,25610085,Individual,391,274950,Self-Employed
2570,Edward,Walton,02-11-1999,25615418,Individual,381,186712,Retired
2572,Julie,Herrera,14-09-1988,25656264,Individual,363,312960,Salaried
2575,Michael,Rush,25-11-1970,25673469,Business,479,179580,Salaried
2589,Scott,Bradshaw,15-04-1983,25673796,Business,435,154236,Unemployed
2592,Nathan,Fernandez,08-08-1996,25680543,Business,396,325877,Unemployed
2622,William,Thomas,06-09-1959,26789758,Business,532,341499,Unemployed
2627,Andrew,Flores,06-04-2001,26821412,Individual,642,123167,Salaried
2634,Darius,Austin,06-01-1958,26828265,Business,368,299494,Self-Employed
2639,Tammy,Andersen,26-02-1961,26836089,Individual,515,140776,Retired
2693,Lori,Cook,30-04-1971,26851582,Business,717,358719,Salaried
2698,Richard,Berry,18-07-1995,26864487,Business,641,145052,Retired
2699,Raymond,Watts,25-07-1970,26865926,Individual,592,311680,Unemployed
2702,Jennifer,Schmidt,11-05-1995,27704886,Business,443,456810,Unemployed
2706,Amanda,Garrison,30-03-1973,27719312,Business,595,232045,Retired
2720,Tracy,Stout,06-05-2001,27724374,Business,363,105266,Retired
2741,Jared,Leonard,13-04-1967,27751999,Business,588,216721,Self-Employed
2745,Amy,Jones,11-12-1959,27770796,Business,737,467385,Retired
2749,James,Shaffer,15-12-1996,27774682,Individual,693,457463,Retired
2751,Julie,Freeman,12-08-2002,27775673,Individual,310,67857,Salaried
2753,Angela,Mcintyre,03-06-1974,27883205,Individual,812,71813,Retired
2756,Michael,Martin,05-09-1980,27913889,Business,730,54802,Unemployed
2760,Marcia,Garcia,24-04-1959,27914921,Business,510,45422,Self-Employed
2783,Debra,Blevins,11-10-1985,27926819,Individual,836,330999,Salaried
2817,Daniel,Foster,02-08-2004,28771812,Individual,438,185142,Retired
2819,Ashley,Hudson,25-09-1970,28782845,Business,367,84533,Salaried
2823,Stephanie,Brown,20-10-1969,28828124,Individual,824,263505,Salaried
2824,Kenneth,Dominguez,27-05-1969,28889590,Individual,658,463474,Self-Employed
2828,Chad,Morse,18-02-1955,28907022,Business,380,348178,Self-Employed
2842,Benjamin,Ellis,16-07-1973,28912533,Business,589,219915,Self-Employed
2843,Paula,Lang,12-05-1957,28944305,Business,345,447854,Retired
2852,Jose,Bautista,25-08-1975,28971196,Business,548,483641,Retired
2859,Tina,Salazar,30-07-1978,28983103,Business,666,430229,Salaried
2888,Tyler,Adkins,07-06-1992,28987151,Business,687,173501,Unemployed
2893,Sherri,Richards,23-09-1956,28994710,Business,677,288048,Unemployed
2924,Emily,Lopez,29-01-1968,29371183,Business,427,423776,Salaried
2939,Linda,Duncan,17-04-2000,29373250,Business,522,479782,Salaried
2950,Allen,Thomas,06-03-1985,29386792,Business,385,163949,Retired
2969,Stephen,Booth,19-03-1964,29421271,Individual,845,165877,Unemployed
2970,Veronica,Wright,05-10-1988,29425562,Business,443,331128,Self-Employed
2986,David,Blake,18-06-1985,29433419,Business,387,181191,Retired
2988,James,Hall,10-10-2000,29438830,Business,370,387337,Salaried
2999,Kristina,Parker,02-11-1999,29481516,Individual,432,222658,Retired
3011,Charles,Parker,20-06-2004,30487363,Business,359,82994,Unemployed
3026,Michelle,Myers,23-06-1963,30503941,Individual,510,475691,Unemployed
3031,Mariah,Lopez,01-06-2003,30531509,Individual,492,141649,Self-Employed
3041,Wendy,Joseph,22-05-1957,30534055,Individual,649,257323,Salaried
3042,Charles,Finley,24-06-1974,30577994,Individual,541,141052,Unemployed
3049,Mary,Hill,09-05-2003,30578989,Individual,731,127092,Unemployed
3053,Judith,Arias,27-12-1991,30592253,Individual,356,470118,Self-Employed
3069,Christine,Sosa,01-12-2004,30603533,Business,371,452675,Unemployed
3072,Jacob,Harris,26-06-1978,30617314,Individual,489,77820,Retired
3082,Amy,Clements,24-01-1974,30623050,Business,659,306353,Salaried
3090,Nathaniel,Garcia,22-04-2003,30658585,Business,624,129015,Self-Employed
3109,Tara,Ryan,30-03-1986,31648467,Individual,718,460839,Salaried
3117,Veronica,Osborn,03-03-1969,31660837,Individual,391,488261,Retired
3118,Mark,Murphy,14-02-2005,31677773,Individual,692,271509,Salaried
3120,Katelyn,Larsen,27-09-1971,31701972,Business,789,482285,Self-Employed
3121,John,Jimenez,28-07-1997,31721638,Individual,550,97695,Self-Employed
3124,Dawn,Arroyo,15-07-1996,31729732,Business,687,177157,Retired
3140,Monica,Bean,01-04-1982,31741531,Business,651,74647,Salaried
3149,Michael,Fleming,13-11-1963,31742665,Individual,823,423452,Unemployed
3153,Gregory,Smith,20-02-1964,31742956,Individual,642,99016,Unemployed
3154,Rachel,Lutz,15-10-1965,31757048,Business,685,306639,Salaried
3159,Alex,Taylor,17-09-1982,31770277,Business,358,400455,Retired
3163,Marie,Wade,03-08-1968,31770432,Business,714,250805,Unemployed
3165,Hannah,Jimenez,24-03-1957,31779411,Individual,659,63561,Self-Employed
3177,Angela,Phillips,26-12-1967,31784381,Individual,367,385328,Self-Employed
3178,Shawn,Clark,12-06-1995,31797774,Business,444,222501,Salaried
3179,Tiffany,Griffin,17-09-1993,31811407,Individual,660,401524,Salaried
3185,Andrew,Gutierrez,07-01-1969,31927086,Business,813,111774,Unemployed
3202,Bruce,Gilbert,19-06-1957,32794897,Business,423,321377,Self-Employed
3203,Louis,Porter,16-08-1957,32837888,Business,602,430204,Self-Employed
3210,Daniel,Smith,09-07-1978,32844016,Business,327,429352,Salaried
3218,Tina,Fowler,01-01-1979,32849351,Individual,380,346919,Retired
3220,Jacob,Singh,25-04-2006,32858779,Individual,526,289094,Unemployed
3221,Christopher,Hill,13-10-1979,32868779,Individual,508,471506,Self-Employed
3227,Alexis,Evans,10-06-1963,32883633,Individual,831,96894,Self-Employed
3229,Jon,Douglas,16-08-1971,32901211,Individual,409,45212,Salaried
3233,Patrick,Lucero,30-08-1976,32910504,Business,346,150804,Unemployed
3237,Ryan,Walker,04-04-1958,32913980,Business,471,329908,Unemployed
3239,Alexandra,Allen,09-06-1960,32914929,Individual,636,326772,Self-Employed
3260,Christopher,Andrews,26-04-1958,32926391,Business,705,258854,Self-Employed
3273,Mary,Dunlap,19-04-1988,32937991,Individual,322,146645,Self-Employed
3274,Reginald,Smith,22-04-1958,32939969,Individual,780,93989,Retired
3290,Maria,Gonzalez,27-10-1985,32940063,Individual,765,452684,Self-Employed
3318,Michael,Gibbs,01-04-1982,33205311,Business,770,443069,Retired
3335,Kelly,Wood,16-07-1980,33205676,Individual,835,242349,Self-Employed
3339,Hannah,Gilmore,31-05-1954,33213842,Business,769,48854,Self-Employed
3356,Benjamin,Hernandez,17-11-1981,33225244,Individual,699,463171,Retired
3364,Megan,Stanley,11-01-2003,33237546,Business,559,312295,Salaried
3366,Justin,Bradley,09-03-1995,33261698,Business,385,166641,Retired
3367,Dominique,Chung,04-02-1958,33264910,Individual,801,384515,Unemployed
3370,Nicole,Jimenez,11-09-1998,33267008,Individual,831,170892,Self-Employed
3390,Denise,Smith,05-05-1978,33281964,Individual,839,211874,Retired
3409,Joseph,Bowman,09-09-1998,34880515,Business,627,236566,Unemployed
3422,Stacie,Gill,15-08-1963,34900364,Business,455,303540,Unemployed
3423,Melissa,Johnson,24-08-1964,34915893,Business,385,175133,Salaried
3434,Thomas,Holland,04-09-1978,34925895,Individual,329,292489,Unemployed
3457,Catherine,Wright,06-05-1979,34955973,Individual,504,261055,Salaried
3479,Jessica,Torres,08-09-1965,34956094,Individual,698,290291,Self-Employed
3513,Matthew,Brown,09-12-1964,35749946,Business,699,320835,Unemployed
3523,Kevin,Marsh,03-01-1963,35783955,Individual,668,306378,Retired
3528,April,Morris,25-06-1982,35817805,Business,762,401997,Salaried
3537,Crystal,Eaton,27-07-1962,35826028,Individual,442,383515,Unemployed
3556,Heather,Gonzalez,08-06-1984,35827317,Business,644,270698,Self-Employed
3564,Roberto,Carroll,08-08-1970,35857500,Individual,421,486978,Unemployed
3566,Darrell,Hines,04-02-1980,35865956,Individual,575,469763,Salaried
3575,Teresa,Ramos,02-11-1989,35870212,Individual,519,424968,Unemployed
3592,Cassandra,Pollard,11-12-1957,35904207,Business,736,193116,Retired
3593,Jessica,Ellis,19-11-2001,35945352,Individual,532,437734,Retired
3598,Amy,Jenkins,03-06-1972,35956606,Business,836,333930,Self-Employed
3614,Crystal,Lewis,09-06-1972,36590626,Individual,370,82892,Unemployed
3625,Anna,Hayes,06-11-1984,36605629,Business,822,368461,Self-Employed
3645,Amy,Camacho,06-12-1964,36611921,Business,833,276170,Self-Employed
3650,Antonio,Padilla,08-06-2005,36613296,Business,328,389446,Retired
3659,Raymond,Long,21-07-1956,36636781,Individual,688,96015,Unemployed
3672,Kathryn,Hernandez,08-05-1968,36705345,Individual,399,181782,Salaried
3678,Joshua,Price,21-02-1996,36731136,Individual,376,228306,Self-Employed
3685,Willie,Brandt,23-02-2003,36733466,Business,693,98142,Salaried
3690,Collin,Blake,22-07-1955,36749842,Individual,716,286656,Salaried
3703,David,Combs,27-04-1987,37587974,Individual,717,328957,Self-Employed
3715,Alexander,Ellis,17-12-1974,37593285,Business,469,256938,Retired
3718,Carlos,Harding,25-01-1965,37600745,Individual,402,175891,Salaried
3720,William,Jones,03-04-1974,37633907,Individual,780,128154,Retired
3721,Gina,Wiggins,17-02-1955,37639825,Individual,401,117459,Unemployed
3724,Ashley,Lindsey,09-10-2005,37653284,Individual,824,379911,Self-Employed
3734,Zachary,Fuller,27-09-2001,37663707,Business,765,427921,Self-Employed
3738,Vincent,Mcfarland,10-09-1956,37681339,Business,822,99774,Salaried
3741,Lori,Stewart,31-12-1978,37681981,Business,563,342852,Retired
3756,Katherine,Perez,11-07-1993,37683464,Business,508,204751,Salaried
3760,Arthur,Moran,01-02-1987,37687771,Individual,739,339519,Salaried
3778,Heidi,Valentine,11-09-1975,37698521,Business,311,220281,Unemployed
3791,Andrew,Trujillo,09-03-2002,37719615,Business,412,32584,Salaried
3797,Alexander,Dillon,18-06-1985,37727245,Business,498,466495,Retired
3808,Gary,Vasquez,16-09-1985,38078761,Individual,575,411756,Unemployed
3822,David,Hill,09-12-1995,38115244,Business,395,257810,Salaried
3825,William,Mcdonald,19-04-1954,38161588,Business,320,31936,Salaried
3831,Amanda,Byrd,17-01-2001,38166476,Business,460,348369,Self-Employed
3843,Cynthia,Garcia,30-03-1973,38170117,Individual,677,337764,Unemployed
3861,Michael,Garcia,11-01-1955,38172320,Business,613,243690,Unemployed
3867,John,Nelson,20-10-1963,38174991,Individual,350,363223,Unemployed
3870,Thomas,Garcia,09-11-1998,38193492,Business,630,466055,Self-Employed
3878,John,Garcia,15-06-2003,38267512,Individual,839,377951,Salaried
3883,Michele,Reynolds,26-04-1968,38318644,Business,394,196281,Salaried
3887,Teresa,Holt,02-11-1977,38328468,Business,647,333972,Self-Employed
3894,Sharon,Robinson,05-06-1960,38356720,Business,791,197714,Self-Employed
3910,Christopher,Mack,31-01-1954,39832464,Individual,523,165278,Salaried
3911,Samuel,Craig,14-09-2001,39835580,Business,695,258460,Unemployed
3924,Andre,Scott,02-02-1980,39856021,Individual,737,88611,Salaried
3934,Cynthia,Hudson,04-04-1996,39862398,Individual,331,265416,Salaried
3954,Teresa,Dunlap,28-02-1999,39872087,Business,310,209623,Self-Employed
3986,Joanna,Garcia,04-08-1988,39895678,Individual,617,340949,Salaried
4011,Julia,Mccarthy,15-05-1964,40686623,Business,437,361346,Self-Employed
4026,Diana,Castaneda,27-06-1964,40687335,Individual,693,244280,Unemployed
4027,Kevin,Bailey,02-01-1973,40746598,Business,497,224859,Salaried
4038,Dawn,Pugh,28-03-1959,40751318,Individual,795,198548,Salaried
4039,Timothy,Goodman,21-12-1971,40767884,Individual,696,276867,Salaried
4041,Jacqueline,Haley,06-11-1982,40832741,Business,470,477364,Salaried
4063,Susan,Mann,02-07-1956,40853990,Individual,734,190898,Salaried
4069,Laura,Santana,14-11-2003,40858901,Individual,678,113767,Self-Employed
4082,Edwin,Sanchez,06-10-1990,40906544,Individual,567,447530,Retired
4083,Jason,Davis,19-07-1999,40913171,Individual,459,392889,Self-Employed
4085,Breanna,Galloway,19-11-1965,40931982,Business,720,222537,Retired
4088,Edward,Reyes,08-01-1976,40936036,Individual,757,482218,Retired
4093,Destiny,Thompson,29-11-1959,40966885,Business,574,145895,Unemployed
4094,Lisa,Huang,24-03-1986,40978675,Business,771,58228,Self-Employed
4095,Lori,Bautista,14-06-1963,40981524,Individual,527,265750,Retired
4098,Darren,Carroll,26-03-1982,40994389,Individual,792,387072,Unemployed
4102,Nathan,Carson,07-12-1957,41524851,Business,378,223616,Retired
4103,Cody,Tyler,12-05-1975,41533557,Business,686,332087,Retired
4134,Roberta,Sims,18-02-1966,41539529,Individual,438,144972,Self-Employed
4174,Tracy,Garcia,06-09-2005,41554178,Business,760,72320,Salaried
4183,Melissa,Thomas,21-02-1974,41580556,Business,609,472499,Unemployed
4201,Cassidy,Gomez,30-09-1981,42840194,Business,703,95758,Retired
4202,Alexandra,Whitaker,18-05-1958,42867023,Individual,405,356989,Unemployed
4210,Craig,Wright,13-08-1964,42875807,Business,318,388520,Unemployed
4220,Dana,Weeks,06-06-1981,42892474,Business,648,451547,Self-Employed
4222,Tammy,Lopez,17-03-1983,42929786,Business,680,72471,Retired
4225,Matthew,Kaiser,23-03-1956,42931346,Business,372,389252,Self-Employed
4237,Roberta,Simpson,04-03-1994,42953482,Individual,838,319739,Unemployed
4239,Paul,Lynch,01-06-1997,42964310,Individual,606,257002,Retired
4249,Michelle,Macias,29-05-1968,42965259,Business,806,373036,Salaried
4271,Frederick,Ortega,29-06-1963,42970199,Individual,793,310701,Retired
4273,Benjamin,Morse,26-02-1975,42975131,Individual,807,276989,Self-Employed
4277,Cody,Clay,15-11-2004,42985575,Individual,623,60612,Salaried
4300,Bonnie,Harper,07-10-1997,43605818,Business,506,429387,Self-Employed
4317,Larry,Carter,04-04-1996,43644582,Business,304,107396,Salaried
4332,James,Green,05-04-1974,43689704,Individual,376,314266,Salaried
4337,Steven,Moore,02-04-1980,43697896,Business,361,198589,Unemployed
4338,Karen,Bauer,14-09-1981,43730822,Business,351,443219,Self-Employed
4366,Luis,Ritter,16-05-2000,43732173,Business,355,320569,Self-Employed
4369,Debra,Clements,12-12-1955,43745968,Individual,591,408326,Retired
4377,Timothy,Rose,22-01-1982,43798594,Business,711,211804,Unemployed
4380,Michael,Smith,23-12-1954,43806025,Business,693,426982,Self-Employed
4389,Lindsey,Murphy,16-11-1965,43816429,Individual,627,83072,Self-Employed
4400,Kimberly,Garcia,04-06-1955,44839791,Business,694,263078,Retired
4407,Gregory,Shepard,18-04-1969,44840452,Business,655,366890,Retired
4412,Stephen,Gonzales,21-03-2000,44842564,Individual,576,222675,Retired
4414,Jeremy,Heath,26-08-2001,44852366,Individual,683,251987,Salaried
4422,Stephen,Martinez,02-08-1954,44852582,Individual,328,152569,Unemployed
4428,Cassidy,Miller,20-03-1961,44857450,Individual,602,367722,Salaried
4454,Jennifer,West,13-01-1968,44864610,Business,316,43768,Self-Employed
4457,Jennifer,Camacho,29-05-1966,44866307,Business,535,68302,Salaried
4469,Charles,Rowe,24-08-1997,44890901,Individual,419,116243,Salaried
4471,Darren,Martinez,12-07-1987,44911314,Individual,509,244537,Self-Employed
4475,Wyatt,Wilkins,27-01-1964,44913752,Individual,646,351859,Salaried
4476,Jessica,Simpson,04-12-1971,44957021,Individual,548,485382,Salaried
4485,Michelle,Miller,12-06-1988,44986948,Individual,736,495089,Unemployed
4495,Lynn,Payne,11-06-1967,44996204,Individual,497,31547,Salaried
4512,Cynthia,Kirk,21-02-2003,45844090,Business,479,466118,Retired
4523,Joseph,Alvarez,12-06-1989,45846358,Business,422,272997,Self-Employed
4535,Jacob,Warren,27-08-2005,45878961,Individual,694,102301,Unemployed
4543,Johnny,Robinson,16-07-1999,45925808,Individual,328,216548,Salaried
4552,Jimmy,Miranda,02-11-1970,45959196,Business,833,468844,Retired
4559,Miranda,Lee,06-07-1958,45971352,Business,553,482085,Salaried
4560,Jill,Stephenson,12-12-1969,45986064,Business,393,137675,Self-Employed
4565,Christina,Powell,19-09-1956,45997422,Business,315,490367,Retired
4571,Melissa,Guzman,05-04-1991,45997847,Individual,842,65234,Salaried
4609,Donna,Smith,30-12-1963,46353305,Individual,433,183591,Self-Employed
4637,Shannon,Walton,11-06-1958,46353477,Business,806,102044,Self-Employed
4638,Jerry,Lawson,02-07-1992,46360358,Business,450,69270,Retired
4652,Luis,Lopez,12-03-1979,46367920,Individual,752,35382,Retired
4654,Diana,Brooks,09-06-1981,46371543,Individual,553,324273,Salaried
4683,Nicole,Hobbs,14-02-1991,46383648,Individual,614,53750,Retired
4689,Jose,Johnson,31-07-2001,46423591,Business,740,188818,Salaried
4709,James,Whitaker,12-10-1979,47662975,Individual,603,318410,Unemployed
4720,Donald,Cunningham,20-09-2005,47695226,Business,804,256204,Unemployed
4727,Matthew,Baker,29-08-2000,47698267,Business,632,155823,Retired
4740,Samantha,Cross,12-04-1975,47713383,Business,571,146338,Self-Employed
4742,Cynthia,Clark,01-01-1959,47743271,Business,481,149131,Self-Employed
4750,Jenna,Morris,09-01-1961,47766210,Business,846,81756,Self-Employed
4761,Mario,Johnson,13-11-1981,47769473,Business,790,214140,Salaried
4778,Ricky,Rush,30-07-2005,47794354,Business,353,223022,Self-Employed
4783,Katie,Moran,03-11-1977,47808190,Individual,522,239200,Self-Employed
4785,Gail,Romero,27-12-1963,47813626,Individual,631,64304,Salaried
4786,Donald,Jenkins,31-03-1977,47815498,Individual,596,427820,Salaried
4788,Lauren,Flores,27-04-1990,47818391,Individual,571,51045,Retired
4791,Taylor,Gentry,06-04-1984,47858700,Individual,716,89281,Self-Employed
4792,Robin,Townsend,20-04-1968,47886575,Individual,749,268640,Salaried
4793,Mary,Logan,18-04-1996,47955201,Business,394,193737,Salaried
4795,Amanda,Gonzalez,08-08-1984,47990986,Business,725,341780,Salaried
4798,Madeline,Perez,04-07-1975,47998956,Individual,754,449024,Unemployed
4842,Carrie,Munoz,10-04-2001,48901145,Business,781,402954,Retired
4871,Cheryl,Reed,07-06-1983,48906764,Individual,313,106852,Unemployed
4878,Monica,Wolf,09-10-1959,48909287,Individual,377,336141,Self-Employed
4880,Rebecca,Armstrong,05-07-1995,48920575,Business,470,406785,Unemployed
4882,Tara,Herrera,29-03-1973,48925256,Business,510,138389,Self-Employed
4883,Stephanie,Peterson,26-02-1975,48930648,Business,791,62485,Self-Employed
4886,Mark,Moore,23-09-1971,48946940,Individual,660,395301,Salaried
4893,Robert,Lee,02-03-1984,48991508,Individual,606,377481,Salaried
4902,Gary,Morris,08-01-1971,49726089,Individual,762,126559,Retired
4905,Rebecca,Drake,04-09-1964,49729133,Business,824,54516,Unemployed
4909,Tracy,Oneal,25-10-2003,49738181,Individual,732,338696,Salaried
4931,Austin,Garcia,28-10-1969,49754525,Business,598,122749,Unemployed
4934,Juan,Rodriguez,06-02-1993,49796475,Business,301,44406,Salaried
4942,Tracy,Johnston,16-03-1991,49812119,Individual,482,438172,Self-Employed
4943,Kathryn,Monroe,09-01-1964,49816893,Business,754,186699,Unemployed
4944,Laura,Santos,19-05-1976,49853891,Individual,693,293191,Salaried
4964,Victoria,Smith,02-10-1974,49935250,Business,752,54691,Unemployed
4969,Matthew,Stone,04-11-1989,49938244,Individual,541,455439,Salaried
4974,Erica,Lopez,07-04-2005,49962506,Business,734,43746,Unemployed
4975,Steven,Williams,21-10-1966,49971921,Individual,575,187044,Self-Employed
4976,Scott,Adams,26-08-1963,49978296,Individual,532,404167,Self-Employed
4993,Lawrence,Holland,21-02-1975,49980592,Business,639,291699,Salaried
4998,Karen,Hopkins,20-11-1958,49990742,Business,750,128429,Self-Employed
5004,Stephanie,Abbott,26-11-1996,50896516,Business,786,293040,Retired
5008,Kiara,King,22-12-1972,50899457,Business,560,121400,Retired
5014,Andrew,Aguirre,16-01-1973,50900605,Business,663,467170,Unemployed
5023,Mary,King,15-03-1987,50921707,Individual,848,437425,Self-Employed
5040,Dwayne,Wong,20-12-1966,50945382,Individual,696,211425,Unemployed
5050,Sandra,Collins,01-09-1957,50948608,Business,746,359985,Unemployed
5058,Denise,Burton,02-02-1976,50952683,Individual,487,432741,Retired
5062,Jonathan,Henry,18-01-1984,50955675,Business,565,33658,Retired
5076,Alicia,Shields,21-05-1978,50973161,Individual,529,383485,Unemployed
5079,Carol,Oliver,03-05-1987,50983721,Individual,303,70793,Retired
5089,Jessica,Fischer,29-11-1972,50998348,Business,506,181271,Self-Employed
5104,Leah,Cook,04-09-2000,51236861,Individual,649,338077,Unemployed
5110,Billy,Cowan,26-06-1972,51239244,Business,420,106630,Salaried
5113,Brianna,Roman,30-03-2005,51245534,Business,630,103691,Self-Employed
5115,Michelle,Griffin,11-11-1976,51255009,Individual,819,171083,Retired
5129,Nicole,Sanchez,08-04-2002,51257395,Business,805,45779,Self-Employed
5130,Patrick,Rice,06-03-2005,51269401,Business,395,49446,Self-Employed
5150,Elizabeth,Garza,04-05-1966,51285310,Business,768,37624,Retired
5158,Sheryl,Cooper,24-08-1957,51292413,Business,525,296907,Salaried
5174,Richard,Hill,29-08-1959,51333822,Individual,439,319486,Self-Employed
5197,Kenneth,Stevenson,18-04-1979,51345488,Business,310,358177,Retired
5204,Anita,Mcneil,19-03-1972,52687971,Business,753,57370,Unemployed
5227,Kevin,Baker,08-08-1975,52726287,Individual,662,189295,Unemployed
5234,Luis,James,16-02-1958,52726795,Individual,688,168024,Salaried
5235,Rebecca,Foster,18-07-1976,52726974,Business,711,319850,Salaried
5243,Dana,Smith,14-08-1972,52737194,Individual,424,237124,Retired
5248,Christine,Elliott,26-11-1981,52737668,Business,319,251788,Self-Employed
5252,Alice,Flowers,30-12-1985,52748604,Individual,542,409193,Retired
5254,Heather,Diaz,21-03-1986,52753307,Business,817,58544,Retired
5264,Brian,Riley,27-09-1954,52756551,Individual,808,83653,Retired
5269,Gregory,Cox,18-08-1966,52799635,Business,491,376624,Self-Employed
5305,Craig,Richmond,21-09-1999,53433833,Business,671,73361,Unemployed
5313,Rachael,Schaefer,13-04-1967,53442625,Individual,476,293218,Self-Employed
5316,Thomas,Bird,09-10-1954,53474974,Business,842,54750,Salaried
5321,James,Dawson,20-10-1976,53478750,Individual,410,62384,Salaried
5337,Wendy,Howard,08-06-1999,53481023,Business,335,197934,Retired
5339,Patrick,Smith,24-07-1963,53528399,Business,849,144862,Self-Employed
5354,Guy,Harper,17-04-1995,53529174,Individual,848,392235,Retired
5371,Stephanie,Garrett,23-06-1976,53583719,Business,586,454837,Salaried
5372,Gerald,Roman,23-03-1957,53588773,Business,697,306838,Self-Employed
5380,John,Padilla,15-11-1967,53627471,Business,641,237183,Retired
5385,Gerald,Jackson,25-10-1969,53633699,Business,674,312151,Retired
5386,Darren,Mann,22-01-1992,53634492,Business,695,463859,Unemployed
5399,Ronald,Johnson,06-04-1986,53669997,Business,496,263154,Salaried
5422,Michael,Ryan,07-08-1972,54291158,Business,607,170850,Self-Employed
5426,Nicole,Mcbride,24-12-1958,54317225,Individual,424,249728,Salaried
5436,Christopher,Nguyen,01-05-1979,54346554,Business,476,341462,Unemployed
5443,Alexandra,Stewart,17-12-1972,54371525,Individual,572,474622,Self-Employed
5458,Rebecca,Cook,12-06-1955,54375853,Individual,687,40436,Self-Employed
5477,Steven,Mayer,06-02-1984,54394844,Business,374,174142,Self-Employed
5478,Marie,Potter,04-10-1994,54402602,Business,581,436857,Self-Employed
5512,Nicholas,Smith,17-04-1975,55817390,Business,427,125062,Salaried
5518,Jamie,Stone,22-06-1955,55826915,Business,595,164472,Self-Employed
5530,Connor,Bullock,04-11-1995,55829321,Individual,498,207624,Self-Employed
5532,Kevin,Guerrero,11-03-1978,55860921,Business,492,324780,Self-Employed
5535,Kyle,Morrison,16-05-1985,55864749,Individual,633,470977,Retired
5541,Nathan,Perez,23-09-2006,55888749,Individual,432,313241,Unemployed
5552,Kelsey,Miller,29-06-1987,55932113,Individual,568,115182,Unemployed
5561,Katrina,Mckee,12-02-1995,55945576,Business,315,295783,Unemployed
5574,Tony,Bell,15-03-1956,55960627,Individual,333,126483,Retired
5602,Kevin,Ramirez,26-10-1966,56685693,Business,367,253029,Retired
5611,Michael,Freeman,31-08-1954,56716047,Business,392,368424,Retired
5614,Susan,Kelley,05-08-1994,56774328,Business,464,37448,Retired
5619,William,Guerrero,27-01-1970,56778834,Business,614,470623,Salaried
5621,Reginald,Hernandez,28-01-1982,56798897,Business,404,206710,Unemployed
5622,Corey,White,11-10-1994,56799147,Business,847,147160,Retired
5632,Scott,Wood,11-05-1955,56799163,Individual,477,313771,Retired
5647,Sonia,Stout,03-05-1991,56837430,Individual,482,429130,Unemployed
5651,Phillip,Johnson,19-03-1999,56856138,Business,728,72872,Self-Employed
5674,Laura,Farmer,08-08-1984,56856297,Business,557,358530,Self-Employed
5688,David,Mayer,15-04-1983,56880867,Individual,557,340910,Self-Employed
5689,Andrea,Rodriguez,22-06-1974,56885958,Individual,466,150217,Self-Employed
5693,Kevin,Glass,29-06-1961,56890422,Business,595,306104,Self-Employed
5703,Dustin,Miller,06-08-1977,57290715,Business,642,319406,Retired
5705,Jonathan,Rodriguez,02-12-1999,57299880,Individual,616,197047,Salaried
5710,Teresa,Pace,15-09-1956,57300592,Individual,803,329509,Unemployed
5714,Alejandro,Wallace,10-04-1986,57314672,Individual,651,52026,Self-Employed
5715,Linda,Williams,22-09-1996,57321364,Business,423,227558,Unemployed
5748,Brian,Mitchell,19-03-1999,57328710,Individual,792,445129,Self-Employed
5749,Christopher,Cunningham,22-11-1972,57334398,Business,795,488798,Retired
5776,Bryan,Johnson,13-01-1977,57379304,Business,683,212776,Salaried
5797,Holly,English,04-12-1989,57395265,Business,318,465503,Unemployed
5803,James,Lee,12-04-1967,58370857,Individual,415,291141,Unemployed
5810,David,Anderson,15-12-1958,58384498,Business,589,423335,Self-Employed
5813,Steven,Mccullough,24-05-1957,58384982,Business,668,116474,Salaried
5824,Melissa,Nolan,19-01-1963,58391653,Individual,815,162986,Unemployed
5835,David,Cortez,30-05-1979,58414556,Business,578,174106,Unemployed
5839,Deborah,Jones,20-06-2004,58493738,Individual,457,90953,Unemployed
5840,Elizabeth,Barrera,24-12-1984,58524020,Business,620,327893,Retired
5850,Angie,Sherman,15-07-1999,58533885,Individual,571,443076,Unemployed
5853,Thomas,Rubio,09-10-1997,58540351,Individual,507,210864,Unemployed
5861,Joshua,Brady,10-08-1959,58542593,Business,459,188535,Salaried
5868,Natalie,Martinez,08-07-1986,58588461,Business,505,465636,Unemployed
5876,Mark,Schmitt,13-02-1985,58593635,Business,373,149644,Self-Employed
5901,Scott,Jones,04-07-1979,59510965,Individual,310,259425,Retired
5905,Julie,Andersen,31-12-1994,59577347,Business,393,380231,Self-Employed
5914,Brittany,Pierce,02-10-1985,59623397,Business,382,73438,Retired
5931,Anna,Smith,03-03-1981,59633035,Individual,422,31721,Retired
5933,Donald,Burke,15-06-2001,59635288,Business,806,140735,Unemployed
5935,Nathan,Wilson,20-07-1965,59652384,Business,499,113572,Retired
5956,Philip,Morales,19-08-2002,59666464,Individual,481,482642,Unemployed
5958,Heather,Harris,24-02-1998,59686746,Business,775,148023,Self-Employed
5961,Nicholas,Huff,16-09-1978,59691975,Individual,807,333327,Retired
5975,Adam,Hayes,14-04-1955,59715122,Individual,737,255915,Self-Employed
5978,Shannon,Montgomery,16-02-1994,59729857,Business,348,280184,Retired
5981,Jacob,Rodriguez,26-06-1966,59733577,Individual,471,133247,Unemployed
5991,Sonya,Garcia,25-02-1992,59735453,Business,762,138594,Unemployed
6011,Krista,Alvarado,25-10-2002,60564531,Business,314,174545,Retired
6017,Samantha,Wilson,17-03-1964,60582687,Business,383,466567,Salaried
6019,Erica,Guzman,05-08-1964,60584537,Business,515,213938,Retired
6022,Amanda,Lopez,03-01-2003,60587113,Business,494,408725,Salaried
6023,Linda,Lee,24-02-1997,60587354,Individual,656,88767,Unemployed
6027,Matthew,Fuller,15-07-1975,60590529,Individual,568,124623,Self-Employed
6037,Elizabeth,Smith,09-04-1956,60597830,Business,300,131440,Self-Employed
6047,Sara,Perry,02-11-1957,60603699,Individual,785,315351,Unemployed
6052,Sean,Jones,21-03-1984,60607732,Individual,603,121628,Unemployed
6055,Kristen,Wood,21-07-1978,60633228,Individual,695,63803,Salaried
6057,Larry,Bishop,25-07-1996,60670300,Business,466,235778,Self-Employed
6068,Garrett,Edwards,16-10-1975,60695510,Individual,481,469630,Retired
6095,Jason,Li,13-01-1961,60711458,Business,640,316984,Unemployed
6102,Richard,Scott,31-03-1974,61206200,Business,596,276457,Unemployed
6115,Kelly,Griffin,22-12-1979,61233557,Business,709,133714,Retired
6129,Bruce,Frye,30-03-1964,61249115,Individual,671,252418,Self-Employed
6137,Mitchell,Hunt,17-06-1997,61298527,Individual,459,66576,Salaried
6139,Michael,Sanders,22-02-1955,61302208,Business,472,56059,Salaried
6152,Kimberly,Wang,21-04-2004,61306730,Individual,464,282644,Salaried
6162,Mary,Hayes,04-08-2004,61312479,Business,777,368898,Unemployed
6186,Devin,Mills,21-11-1957,61314322,Individual,688,416693,Retired
6187,Bonnie,Schneider,18-05-1974,61328440,Business,527,82366,Retired
6190,Angela,Madden,16-04-1986,61338299,Business,742,233561,Retired
6216,Luis,Taylor,15-11-1975,62103937,Business,493,497900,Retired
6231,Leah,Wang,08-04-1969,62112332,Business,766,85132,Salaried
6240,Paul,Johnson,06-07-1973,62124997,Business,386,477327,Unemployed
6250,Jacqueline,Sanchez,07-04-1959,62129520,Business,640,258404,Self-Employed
6282,Michael,Flores,09-04-1956,62144644,Business,503,34238,Unemployed
6283,Ryan,Hodges,22-12-1999,62173273,Business,501,460238,Unemployed
6308,Gloria,Shaffer,31-07-1965,63748955,Business,571,432720,Retired
6311,Jill,Armstrong,17-03-1998,63792086,Business,819,61329,Self-Employed
6313,Misty,Lucas,04-11-2005,63803762,Business,594,161711,Retired
6322,Louis,Kramer,01-05-1978,63806106,Individual,348,220412,Self-Employed
6323,James,Nguyen,01-03-1985,63809725,Individual,707,371666,Retired
6325,Christina,Barrett,20-06-2004,63813689,Business,553,30050,Salaried
6327,Aaron,Savage,21-11-1955,63857905,Individual,492,68305,Unemployed
6337,Travis,Austin,03-12-1978,63860585,Individual,558,117498,Self-Employed
6340,Ann,Mcdonald,03-02-1966,63871859,Business,602,473725,Salaried
6344,Kristin,Williams,03-04-1980,63881516,Business,418,394480,Retired
6346,Shirley,Lyons,06-12-1961,63883504,Individual,340,445912,Self-Employed
6355,Timothy,Lynch,30-12-1969,63884756,Business,575,205763,Retired
6358,Laura,Hamilton,27-03-2002,63886874,Individual,668,309992,Retired
6362,Brittany,Schneider,28-11-1954,63918832,Individual,506,245134,Unemployed
6375,Michelle,Rangel,03-10-1980,63963175,Individual,455,326922,Salaried
6384,Alexandra,Kirk,17-01-1992,63970447,Individual,777,477566,Salaried
6388,Christopher,Miller,08-12-1983,63973235,Individual,562,419812,Self-Employed
6399,Renee,Rodriguez,25-07-1978,63984939,Individual,736,335606,Retired
6404,Jimmy,Moreno,21-06-1963,64569904,Individual,789,75196,Retired
6422,Amanda,Hendrix,25-05-1989,64587161,Business,639,465404,Unemployed
6455,Richard,Edwards,17-02-1988,64591401,Individual,725,256408,Retired
6471,Nancy,Lopez,10-05-1970,64609682,Business,755,279518,Unemployed
6473,Denise,Morgan,04-02-1978,64634979,Business,613,123912,Self-Employed
6477,Thomas,Greene,01-07-1997,64644729,Business,683,225374,Unemployed
6481,Thomas,Stein,17-09-1998,64647821,Business,729,416371,Unemployed
6520,Andrew,Andrews,21-09-1967,65402520,Individual,408,291472,Unemployed
6521,Megan,Torres,14-04-1959,65402833,Business,331,253829,Unemployed
6552,Ryan,Fuller,17-05-1958,65404883,Individual,483,331835,Unemployed
6553,William,Barton,14-04-1957,65414868,Business,661,239665,Unemployed
6554,Mary,Werner,22-01-1996,65459928,Business,470,181158,Retired
6556,Ray,Rice,03-03-2006,65468002,Individual,713,96978,Retired
6567,Nathan,Singh,21-12-1978,65502448,Individual,810,231375,Unemployed
6568,Aaron,Copeland,13-01-2004,65510726,Individual,627,47530,Unemployed
6572,Tracy,Walters,28-01-2004,65515657,Business,533,111731,Self-Employed
6573,Andrea,Hernandez,05-12-1967,65555398,Business,781,269162,Salaried
6583,Nancy,Rubio,27-07-1971,65559093,Individual,762,414505,Salaried
6584,Carolyn,Sanchez,14-09-1965,65566748,Individual,804,105951,Unemployed
6594,Emily,Anderson,25-09-2003,65578734,Individual,563,112350,Unemployed
6566,Mary,Sanders,02-04-1954,65661439,Individual,619,314706,Unemployed
6601,Sandra,Diaz,31-05-1991,66266221,Business,619,192178,Retired
6602,Mitchell,Vance,02-02-2001,66267470,Individual,431,106691,Salaried
6603,Jessica,Ramirez,21-01-1960,66274290,Individual,354,345226,Unemployed
6609,Daniel,Hernandez,14-09-1971,66330969,Individual,478,104380,Self-Employed
6618,Jodi,Carson,14-02-1961,66341306,Individual,406,192824,Retired
6620,Michael,Graves,19-01-1967,66342092,Individual,530,241526,Self-Employed
6630,Nicholas,Harmon,29-07-1956,66343204,Business,315,337071,Salaried
6638,Shelby,Williams,19-11-1989,66344543,Individual,775,57969,Unemployed
6643,Michael,Cooper,24-04-1992,66354268,Individual,520,101285,Salaried
6654,Thomas,Norman,05-05-1975,66388658,Business,307,468623,Retired
6661,Christopher,Wilkerson,14-01-1989,66401411,Business,770,301346,Unemployed
6670,Kathleen,Koch,23-08-1988,66419307,Business,303,375328,Self-Employed
6683,Jonathan,Wilson,07-10-1995,66453468,Business,547,310444,Self-Employed
6688,Dana,Michael,10-12-2003,66455962,Business,352,85690,Salaried
6702,Ashley,Cole,06-03-2004,67740709,Individual,825,440406,Self-Employed
6704,Jacob,Brown,08-06-1987,67746387,Individual,626,148720,Salaried
6706,Scott,Watson,29-06-2001,67755039,Individual,573,431849,Unemployed
6742,Robin,Hill,30-10-1959,67773629,Business,598,173017,Unemployed
6759,Curtis,Hopkins,02-11-1967,67835480,Business,645,370103,Unemployed
6762,Tracy,Moore,16-03-1987,67835495,Business,602,457793,Retired
6773,Jason,Ramirez,03-09-1968,67879700,Business,785,95686,Unemployed
6777,Martha,Baker,16-12-1955,67904488,Individual,311,484411,Retired
6779,Sydney,Diaz,25-07-1975,67908115,Individual,788,205330,Salaried
6781,Jerome,Shaw,03-04-1980,67910178,Business,660,497745,Self-Employed
6782,Brian,Smith,15-09-1990,67912960,Business,787,238137,Salaried
6799,Kelsey,Zavala,24-09-1984,67931211,Business,778,309596,Unemployed
6817,Joel,Ramirez,24-04-1963,68662999,Business,842,182145,Unemployed
6820,Melissa,Mccullough,15-03-1975,68677738,Individual,590,246991,Salaried
6825,Christina,Chan,30-05-1991,68685777,Business,697,470014,Retired
6835,Kristina,Santana,11-06-1955,68725569,Individual,337,183534,Retired
6839,Julia,Hudson,27-10-1979,68726901,Individual,335,308431,Unemployed
6847,Dawn,Kim,15-12-1992,68767112,Business,784,127596,Unemployed
6851,Dwayne,Moore,02-06-1955,68770286,Individual,538,344902,Salaried
6867,Steven,Martinez,05-11-1993,68792790,Business,630,337276,Salaried
6868,Ryan,Francis,29-08-1986,68808057,Individual,548,364187,Unemployed
6875,Laura,Mora,25-05-1986,68824263,Business,630,140570,Unemployed
6879,Whitney,Rodriguez,30-03-2001,68830582,Business,335,66580,Self-Employed
6880,Jeffery,White,14-08-1996,68835737,Business,365,213847,Retired
6884,Travis,Rice,19-10-1954,68909058,Business,460,479499,Salaried
6919,Gary,Duncan,20-06-1974,69314812,Individual,786,48079,Unemployed
6920,Anthony,Harris,30-09-1967,69323945,Individual,542,297114,Unemployed
6928,Brenda,Thomas,22-06-1968,69357007,Individual,665,347286,Salaried
6931,Christina,White,06-06-1996,69364567,Individual,426,394021,Self-Employed
6941,Kim,Lozano,08-02-1987,69389198,Individual,607,209768,Self-Employed
6944,Brianna,Jackson,24-08-1997,69406943,Business,412,43411,Salaried
6966,Nicole,Kelly,05-07-1992,69417259,Business,365,392078,Unemployed
6985,Martin,Sanchez,23-10-1976,69417375,Business,695,461521,Self-Employed
6995,Dana,Banks,10-11-1955,69429182,Individual,572,438157,Self-Employed
6996,Michele,Perez,22-05-2002,69434108,Business,365,202738,Self-Employed
6999,Leslie,Hernandez,06-04-1962,69483614,Business,847,151986,Retired
7022,Kara,Arnold,23-01-1986,70240339,Individual,344,416415,Unemployed
7031,Laurie,Gates,13-05-1985,70269142,Individual,733,213896,Salaried
7045,Gregory,Simpson,12-11-1975,70270117,Business,402,107052,Retired
7063,Ashley,Brown,07-12-1966,70313693,Business,763,71578,Retired
7067,Patricia,White,10-10-1991,70331825,Business,653,226291,Self-Employed
7081,Jeffrey,Ward,01-10-1966,71128345,Individual,422,395956,Unemployed
7112,Michelle,Ortiz,11-04-1993,71188911,Business,709,374046,Self-Employed
7120,Daniel,Davis,20-04-2005,71216008,Individual,771,432236,Salaried
7131,Dylan,Richmond,24-11-2004,71228317,Individual,742,342579,Retired
7148,Robert,Manning,03-06-1965,71242137,Business,586,130021,Unemployed
7149,William,Scott,17-02-1968,71242777,Individual,523,252751,Self-Employed
7162,Erik,Spencer,11-03-1963,71275566,Business,464,410568,Unemployed
7181,Rebecca,Stuart,28-01-1960,71303454,Individual,617,201776,Retired
7190,Harold,Chase,13-10-1978,71326503,Individual,484,299824,Salaried
7199,John,Wagner,13-05-1988,71328876,Individual,776,339604,Unemployed
7223,Mark,West,27-08-1969,72256258,Business,809,440651,Salaried
7225,Carol,Newman,02-07-2001,72266558,Individual,769,106905,Unemployed
7243,Earl,Bryan,06-04-1971,72312890,Business,654,63989,Retired
7244,Michael,Thompson,16-07-1971,72331124,Business,382,104528,Retired
7247,Ashley,Gonzalez,29-12-1961,72351263,Business,828,326688,Retired
7249,John,Giles,23-12-1994,72360903,Individual,778,57204,Self-Employed
7269,Robert,Johnson,31-10-1976,72364034,Business,641,471056,Retired
7273,Terri,Cruz,14-02-1978,72368219,Individual,650,438489,Self-Employed
7274,Barry,Harrison,18-11-1962,72382863,Individual,695,90532,Retired
7281,Robert,Henderson,24-06-1954,72390619,Individual,495,30743,Salaried
7293,Evan,Williams,31-08-1961,72481316,Individual,386,98455,Self-Employed
7300,Terri,Hart,06-08-2003,73424351,Individual,832,229690,Unemployed
7311,Kevin,Fuller,15-11-1980,73433176,Individual,339,244384,Self-Employed
7328,Margaret,Contreras,30-10-1994,73433664,Business,518,153126,Salaried
7330,Anthony,Barnett,30-03-1958,73525919,Individual,789,205326,Salaried
7363,Mark,Hansen,02-07-1982,73536185,Business,505,229600,Retired
7367,Alexandria,Walker,07-04-1980,73545725,Business,448,71013,Self-Employed
7370,Michelle,Powell,27-12-1996,73555662,Individual,416,156395,Retired
7377,Matthew,Nelson,17-06-1969,73576443,Individual,453,78629,Retired
7412,James,Walter,01-11-2000,74483772,Individual,777,43373,Salaried
7420,Diana,Mclean,10-05-1985,74516360,Business,343,328671,Retired
7421,Lisa,Gordon,29-01-1964,74575071,Business,443,96073,Self-Employed
7452,Eric,Ray,27-09-1992,74575117,Individual,846,353472,Self-Employed
7458,Bruce,Thompson,13-03-1966,74579455,Business,717,91922,Unemployed
7470,Matthew,Strickland,28-10-1975,74636286,Business,406,397207,Unemployed
7484,Cameron,Wilson,26-06-1968,74641617,Individual,594,122014,Self-Employed
7493,Stephen,Ramos,03-03-2000,74653859,Individual,694,303047,Salaried
7494,Christopher,Fry,20-04-1998,74712451,Individual,410,164091,Self-Employed
7508,Todd,Henderson,12-03-1994,75822380,Business,307,277639,Self-Employed
7513,Laura,Hurley,03-05-2000,75838904,Individual,341,449341,Self-Employed
7531,Theresa,Spencer,26-07-1954,75840438,Business,633,451282,Self-Employed
7551,Gary,Torres,20-06-1988,75845066,Business,300,222994,Self-Employed
7556,Bryce,Farmer,25-06-1992,75860061,Business,674,388231,Salaried
7563,Joseph,Schmidt,15-04-2005,75895533,Individual,520,448225,Retired
7565,Frank,Daniel,19-07-1968,75923591,Business,535,333819,Unemployed
7594,Eric,Williams,03-09-2004,75953544,Business,799,424854,Unemployed
7611,Adam,Allen,19-10-1975,76569035,Individual,368,122699,Self-Employed
7617,John,Ferguson,10-02-2001,76573189,Business,481,330105,Retired
7639,Richard,Nelson,21-12-1990,76589496,Business,487,153231,Retired
7643,William,Phelps,24-02-1997,76597407,Business,817,102491,Unemployed
7651,Sandra,Warren,06-05-1963,76600213,Individual,634,398270,Salaried
7656,Ashley,Banks,21-10-1997,76617592,Business,673,234304,Unemployed
7672,Thomas,Cervantes,24-11-2000,76623262,Business,743,60721,Retired
7694,Jeremy,Walsh,25-10-2002,76627264,Business,823,110878,Unemployed
7696,Sandra,Vance,06-05-1969,76627421,Business,846,413399,Retired
7701,Maria,Brooks,22-08-1979,77607486,Business,591,160818,Unemployed
7709,Julie,Guerra,15-05-2004,77629198,Business,419,141800,Self-Employed
7731,Johnny,Medina,16-11-1996,77638983,Individual,670,51493,Salaried
7732,Kelly,Floyd,23-04-1977,77654908,Business,486,483303,Unemployed
7735,Shelia,Montoya,06-04-1963,77668509,Individual,528,495638,Self-Employed
7742,Brenda,Abbott,23-06-1959,77685146,Individual,622,367406,Unemployed
7743,Melvin,Miller,20-05-1983,77704078,Individual,476,51722,Retired
7749,Kelly,Bowman,25-08-1988,77725267,Business,809,489208,Self-Employed
7750,Jennifer,Cervantes,31-01-1961,77805296,Individual,765,132696,Retired
7753,Joseph,Edwards,14-05-1991,77811681,Individual,680,423406,Retired
7754,Larry,Koch,11-07-2005,77845175,Individual,530,378245,Salaried
7768,Kelly,Liu,02-09-1984,77855697,Business,770,437298,Unemployed
7771,Shelby,Griffith,19-12-1980,77868041,Business,714,62139,Salaried
7778,Todd,Townsend,11-02-1962,77868292,Individual,550,307153,Retired
7783,Sarah,Jacobs,11-12-1976,77869273,Individual,398,407619,Self-Employed
7798,Deborah,Meyer,24-05-1999,77869393,Business,779,398886,Unemployed
7805,James,Peterson,07-05-1955,78485923,Business,581,240314,Retired
7810,Keith,Crawford,18-07-1955,78509660,Business,682,418797,Retired
7812,Jeffrey,Tucker,21-02-2000,78524204,Business,405,207297,Unemployed
7822,Joseph,Robbins,10-08-1982,78536500,Business,315,320329,Self-Employed
7828,Krista,Taylor,21-11-1966,78585556,Business,644,195187,Unemployed
7829,Daniel,Kelley,22-09-1968,78595982,Individual,779,451680,Self-Employed
7855,Dillon,Villarreal,15-03-1977,78608323,Business,660,456042,Retired
7881,Christina,Mccann,10-12-1986,78633818,Business,528,374294,Retired
7885,Erik,Wilson,27-09-1980,78645744,Individual,794,476873,Self-Employed
7886,Raymond,Cantu,06-05-1973,78665394,Business,444,422348,Unemployed
7894,Dana,Stein,07-05-1959,78706154,Business,304,129555,Unemployed
7908,Karen,French,12-09-1964,79358894,Business,586,204077,Salaried
7915,Michael,Mcdowell,14-12-1969,79366029,Individual,675,483237,Self-Employed
7921,Erika,Ruiz,01-07-1984,79392239,Business,724,460088,Unemployed
7945,Lance,Harrison,30-10-1962,79393678,Business,523,455461,Retired
7948,James,Holden,07-10-1963,79447570,Business,567,397913,Unemployed
7952,Nicholas,Joyce,28-12-1957,79461592,Business,829,165957,Unemployed
7960,Andrew,Jones,24-05-1967,79468597,Individual,507,198255,Retired
7979,Samuel,Heath,28-06-1994,79537865,Business,842,332861,Salaried
8010,Kelly,Patel,13-06-1958,80676013,Individual,824,72987,Self-Employed
8015,Jessica,Guzman,01-09-1987,80712066,Individual,660,82985,Unemployed
8044,Kimberly,Davis,08-12-1965,80728547,Business,649,350904,Self-Employed
8066,Lisa,Phillips,14-04-1977,80771894,Individual,443,78044,Self-Employed
8070,Karen,Hoffman,26-05-1993,80827223,Individual,553,153502,Self-Employed
8073,Jonathan,Carpenter,11-01-1954,80837978,Individual,513,251937,Unemployed
8087,Elizabeth,Perry,09-09-1974,80852543,Individual,304,496476,Unemployed
8099,Patrick,Smith,22-03-2006,80877336,Business,708,54887,Salaried
8102,Marc,Rose,21-08-1967,81189728,Business,841,34826,Self-Employed
8104,Mary,Wilson,22-07-1992,81191483,Business,515,361272,Retired
8107,Sean,Ferguson,02-08-1988,81202765,Business,498,100332,Unemployed
8121,Linda,Anderson,28-03-1989,81245386,Individual,313,137485,Retired
8122,Jeremy,Martinez,23-05-1992,81246829,Business,470,481344,Unemployed
8135,Hannah,Williams,26-03-1987,81247910,Business,837,421603,Retired
8138,Mason,Walker,28-03-1985,81253299,Individual,611,278062,Unemployed
8142,David,Perkins,08-05-1976,81254303,Business,730,75415,Unemployed
8157,Theresa,Yates,23-10-1981,81258319,Individual,549,100202,Retired
8186,Rhonda,Clark,15-06-1996,81260169,Business,632,341388,Unemployed
8190,Miguel,Medina,23-09-2005,81285557,Individual,783,248221,Retired
8208,Brett,Cline,06-01-1998,82723098,Business,791,36727,Retired
8226,Eric,Lozano,01-02-1998,82751344,Business,495,447763,Unemployed
8228,Nancy,Farmer,03-07-1975,82774717,Individual,409,258392,Retired
8231,Matthew,Hernandez,13-08-2006,82777174,Business,649,187926,Self-Employed
8233,Johnny,Collins,06-09-1971,82790437,Individual,686,125468,Self-Employed
8238,Jared,Stanton,17-03-1970,82844194,Individual,469,247194,Retired
8254,Catherine,Schmidt,14-07-2006,82844920,Business,671,265427,Salaried
8255,Carol,Horton,27-01-1973,82867033,Individual,446,130682,Retired
8265,Teresa,Wilson,05-06-1991,82884303,Business,318,192728,Self-Employed
8267,Wendy,Powell,22-05-1955,82906443,Business,630,256791,Unemployed
8282,John,Rodriguez,09-02-1959,82921170,Individual,763,355398,Self-Employed
8283,Eric,Tucker,25-04-2002,82924070,Individual,590,313253,Self-Employed
8285,Megan,Barnes,01-01-1981,82939264,Business,719,194113,Salaried
8297,Sara,Elliott,18-12-1999,82974361,Business,764,47762,Salaried
8307,Mark,Reed,19-01-1958,83891751,Individual,850,243930,Self-Employed
8330,Beth,Garcia,16-11-1964,83900430,Business,392,186069,Retired
8331,John,Daniels,25-11-1971,83917738,Individual,701,455345,Unemployed
8334,Amy,Davis,01-03-1994,83917832,Business,419,375090,Salaried
8337,Joshua,Rogers,23-06-2000,83921592,Individual,822,44648,Salaried
8339,Joseph,Chase,26-07-2003,83932265,Individual,814,147968,Unemployed
8356,Amanda,Alvarado,18-06-2002,83962723,Individual,670,96683,Salaried
8360,Crystal,Hartman,10-09-1999,83980790,Individual,606,395820,Salaried
8368,Jennifer,Graham,14-10-1955,83984145,Individual,417,449477,Self-Employed
8373,Crystal,Bridges,06-01-1974,83984445,Business,413,413522,Unemployed
8408,Traci,Rivera,20-11-2001,84822264,Individual,332,438517,Unemployed
8415,Brittany,Bell,03-02-1975,84825073,Individual,726,146723,Self-Employed
8436,Lindsay,Ruiz,29-12-1993,84833941,Individual,624,47469,Unemployed
8464,Jennifer,Morris,18-09-1962,84887875,Individual,309,422284,Retired
8466,Alexis,Johns,27-11-1997,84896302,Individual,579,203273,Self-Employed
8471,Gabriel,Walker,12-11-1976,84908485,Individual,702,238528,Salaried
8480,Brenda,Gallagher,27-04-1969,84918996,Individual,625,153489,Retired
8482,Colleen,Anderson,05-08-1959,84930512,Individual,559,466599,Self-Employed
8484,Kyle,Gomez,24-09-1964,84938356,Business,660,263678,Salaried
8510,Mark,Davis,27-09-1992,85900715,Individual,698,104963,Retired
8550,Nicholas,Duran,02-01-1996,85905949,Business,502,438149,Unemployed
8561,Jason,Norris,27-05-1966,85910969,Individual,481,434333,Self-Employed
8563,Kim,Evans,23-09-2004,85912695,Individual,780,388204,Salaried
8579,Katrina,Miller,05-12-1989,85916943,Individual,720,179211,Self-Employed
8583,Steven,Brooks,26-05-2002,85977102,Individual,358,196773,Self-Employed
8587,Eric,Castro,25-09-2003,85997625,Individual,724,273585,Retired
8609,David,Rodriguez,16-02-1991,86887786,Individual,419,292625,Unemployed
8612,Theresa,Williams,28-02-1992,86924796,Business,394,181730,Salaried
8616,James,Ramsey,18-05-1975,86951198,Individual,506,38940,Salaried
8652,Matthew,Perez,17-01-1986,86960133,Individual,314,44124,Retired
8653,Joseph,Brady,08-08-1981,86960904,Business,846,470362,Salaried
8658,Joshua,Gutierrez,29-07-1968,86974571,Individual,540,146246,Unemployed
8660,Tony,Hall,20-06-1986,86989557,Business,671,241120,Self-Employed
8674,Kelly,Bailey,03-05-2000,86995890,Business,670,469728,Salaried
8696,Amanda,Peck,14-08-1982,86995914,Individual,495,341840,Unemployed
8702,Monique,Sanders,07-06-1994,87771867,Individual,840,381551,Retired
8703,Steven,Lewis,16-01-1973,87772948,Individual,461,62490,Retired
8705,Darlene,Walters,20-01-1997,87786608,Individual,683,364739,Unemployed
8710,Alicia,Walsh,14-12-2001,87798642,Business,600,111687,Retired
8722,Larry,Ross,25-08-2000,87817765,Individual,408,45799,Salaried
8731,Kirsten,Moore,05-06-1986,87832640,Business,809,380073,Self-Employed
8747,David,Oconnor,08-11-2002,87861127,Business,397,190452,Unemployed
8756,Adam,Collins,07-02-1977,87875353,Individual,677,56937,Self-Employed
8758,Curtis,Copeland,19-09-1973,87924257,Individual,457,306125,Salaried
8781,Amanda,Becker,01-07-1986,87926745,Business,606,483717,Self-Employed
8796,Leslie,Shah,14-03-1973,87941905,Business,795,112372,Self-Employed
8820,Tracy,Brooks,26-04-1969,88664139,Business,476,307273,Retired
8824,Kelly,White,24-11-1995,88703145,Business,536,408858,Unemployed
8827,Thomas,White,10-11-2004,88743726,Individual,534,57363,Unemployed
8828,Sara,Kelly,31-03-2005,88745075,Individual,311,127669,Unemployed
8833,Chelsea,Harrison,29-10-1953,88753507,Business,465,386815,Self-Employed
8841,Thomas,Perez,08-02-1961,88762521,Business,511,78310,Salaried
8851,Jessica,White,29-01-1981,88827718,Business,458,174200,Retired
8852,Cassandra,Price,10-06-2005,88837038,Individual,753,289255,Retired
8862,James,White,04-01-1962,88858543,Business,690,447182,Salaried
8865,Kyle,Cantu,14-03-1972,88874493,Individual,713,99410,Salaried
8871,Kathleen,Williams,04-03-1995,88881524,Individual,416,50632,Salaried
8876,Joshua,Hartman,07-08-1968,88887402,Business,704,163939,Self-Employed
8887,Jose,Lara,20-05-1972,88919775,Business,314,466732,Unemployed
8898,Mary,Dominguez,12-11-1967,88930579,Individual,741,227678,Retired
8945,Annette,Jordan,09-04-1958,89147389,Individual,816,145149,Unemployed
8977,Janet,Bush,01-05-1962,89183946,Business,576,323263,Retired
8990,George,Watson,16-08-1992,89224116,Business,527,267040,Self-Employed
9005,Holly,Sanchez,07-02-1964,90747404,Business,588,276052,Salaried
9028,Kelsey,Morales,12-11-1989,90776162,Individual,495,280019,Self-Employed
9033,Fred,Neal,21-02-1987,90791303,Business,705,184648,Unemployed
9039,Susan,Knapp,14-02-1989,90845239,Individual,321,285401,Unemployed
9041,Karen,Hughes,04-03-1956,90858593,Business,306,461654,Retired
9052,Ann,Rivera,20-07-1954,90861459,Individual,485,359381,Salaried
9062,Kenneth,Hall,21-07-1966,90882006,Individual,733,243148,Self-Employed
9063,Jeffrey,Rodgers,22-02-1967,90890057,Individual,314,183812,Salaried
9089,Johnathan,Nielsen,11-11-2003,90937930,Individual,391,432638,Salaried
9095,Richard,Ray,27-05-1967,90985600,Business,830,487144,Self-Employed
9098,Jonathan,Peters,25-02-2005,90987767,Business,698,437875,Retired
9100,Scott,Morrison,13-07-1981,91793674,Business,611,469304,Unemployed
9102,Tiffany,Thomas,27-08-2001,91794133,Business,474,379107,Self-Employed
9116,John,Kelley,23-04-1985,91803550,Business,424,170641,Salaried
9126,Jessica,Mathews,28-03-1967,91805966,Business,406,159375,Salaried
9132,Tammy,Phillips,04-06-1973,91817970,Individual,393,201800,Salaried
9135,Tiffany,Robinson,21-03-2006,91828859,Business,321,71565,Retired
9145,Mike,Fisher,27-01-2003,91839877,Individual,756,372455,Salaried
9147,Katie,George,04-06-1985,91867600,Individual,359,314461,Retired
9155,James,Wilson,06-02-1976,91939357,Business,749,333752,Unemployed
9163,Roy,Simmons,08-04-1987,91941937,Individual,489,343021,Salaried
9190,Garrett,Coleman,01-04-1955,91972935,Individual,610,484319,Unemployed
9193,Daniel,Flores,29-09-1995,91998766,Individual,324,114548,Retired
9206,Emily,Thomas,27-11-1964,92880952,Individual,800,30646,Salaried
9225,Amanda,Edwards,14-03-1982,92906190,Individual,337,415671,Self-Employed
9229,Madeline,Garner,12-04-1983,92916480,Business,591,314847,Salaried
9236,Michael,Bennett,30-05-1967,92920642,Business,549,378886,Unemployed
9269,Raymond,Freeman,31-05-1980,92935461,Business,395,46496,Salaried
9277,Katie,Marks,10-08-2003,92937486,Business,808,30972,Retired
9290,Keith,Obrien,12-10-1960,92972295,Individual,305,422846,Self-Employed
9297,Kaitlin,Green,25-02-1986,92990227,Business,373,37269,Salaried
9302,Charles,Sanchez,01-05-1980,93678289,Individual,744,352317,Self-Employed
9310,Jesse,Durham,05-06-1964,93685072,Business,429,236687,Salaried
9315,Jennifer,Gutierrez,16-09-1974,93690835,Business,522,93667,Retired
9321,Ryan,Harris,17-01-1990,93699313,Individual,681,211046,Salaried
9328,Laura,Hale,08-03-1964,93708333,Business,387,154521,Retired
9329,Janice,Quinn,24-12-1992,93722553,Business,610,85870,Salaried
9331,Vincent,Thompson,16-05-1984,93740325,Individual,300,47782,Retired
9346,Mark,White,17-09-1992,93872717,Individual,739,492498,Salaried
9352,Olivia,Carter,30-11-1984,93922594,Individual,743,179975,Salaried
9365,Mary,Johnson,05-10-1996,93930001,Individual,302,414023,Salaried
9369,Steven,Higgins,31-05-1996,93954520,Individual,570,91674,Unemployed
9377,Jordan,Allen,10-03-1980,93996332,Individual,667,426747,Unemployed
9404,Aaron,Alvarado,25-02-1980,94592986,Individual,461,85278,Self-Employed
9407,Colleen,Butler,25-03-1974,94594084,Business,634,216432,Self-Employed
9417,Jeff,Graham,04-02-1994,94597065,Individual,308,258138,Salaried
9419,Kathryn,Paul,12-01-1979,94602930,Business,382,345314,Self-Employed
9443,Olivia,Rodriguez,13-10-1993,94665987,Individual,471,453030,Retired
9445,Sheila,Alvarez,09-05-1979,94686715,Individual,611,486178,Salaried
9446,Kimberly,Brown,02-10-1967,94694525,Individual,624,365091,Salaried
9448,Joshua,Barnett,17-08-1975,94705607,Business,446,392982,Retired
9457,Chris,Lara,17-05-1961,94713882,Business,638,50639,Retired
9463,Paul,Patrick,22-05-1972,94718240,Business,633,429045,Retired
9469,Debra,Raymond,24-06-1993,94736386,Business,345,179307,Retired
9472,Matthew,Thomas,04-04-1980,94737809,Business,450,322521,Self-Employed
9483,Amber,Bryant,10-08-1980,94764758,Business,571,102141,Retired
9484,Thomas,Huff,17-04-1992,94799875,Business,672,296934,Unemployed
9486,Patrick,Leon,06-01-1983,94841711,Business,527,278039,Salaried
9512,Kari,Stevenson,31-05-1957,95715276,Business,621,376210,Retired
9519,Mike,Hudson,05-02-1995,95780153,Business,713,278545,Retired
9534,Maria,Taylor,21-05-1998,95805091,Business,534,111224,Salaried
9550,Andrew,Howard,17-01-1976,95828215,Individual,680,155730,Unemployed
9551,Tony,Gomez,12-09-1964,95831138,Individual,376,335137,Retired
9557,Jessica,Shah,18-01-1976,95863598,Individual,362,431534,Salaried
9559,Colton,Williams,28-04-1954,95875021,Individual,306,449977,Unemployed
9572,Karen,Jones,01-04-1986,95878845,Business,615,75796,Salaried
9574,Anna,Jackson,29-05-1972,95890840,Individual,603,411789,Unemployed
9578,Anthony,Leblanc,22-03-1958,95900652,Individual,682,55844,Self-Employed
9583,Willie,Wood,22-10-1986,95910603,Individual,328,397507,Self-Employed
9595,David,Graham,23-04-1954,95911762,Individual,313,87384,Retired
9597,Joshua,Gomez,24-12-1996,95982813,Business,721,84274,Self-Employed
9609,Alan,Myers,22-07-2002,96789632,Business,648,261174,Salaried
9610,Robert,Moore,06-07-1995,96818181,Individual,515,186247,Self-Employed
9618,Stephen,Lucero,30-05-1984,96841005,Business,710,436264,Salaried
9621,Stephen,Greene,20-07-1968,96843557,Individual,410,63399,Salaried
9623,Phillip,Leon,05-08-1964,96844604,Business,617,197690,Unemployed
9624,Catherine,Austin,13-12-1966,96868831,Individual,301,255220,Salaried
9628,Christine,Serrano,10-07-2005,96874609,Individual,636,371177,Unemployed
9641,Mark,Key,04-11-1994,96908165,Individual,603,162082,Self-Employed
9647,Kenneth,Joseph,22-02-1984,96911803,Individual,327,440859,Unemployed
9656,Antonio,Roth,11-03-1980,96940109,Individual,479,128361,Self-Employed
9687,Susan,Garcia,24-11-1975,96961235,Business,383,34894,Self-Employed
9700,Christopher,Smith,12-03-1981,97803786,Individual,632,134277,Self-Employed
9713,Tara,Evans,30-04-2004,97825168,Business,797,263255,Unemployed
9714,Leon,Sanchez,04-10-2000,97851680,Individual,733,367467,Retired
9719,Angela,Scott,13-04-1987,97872518,Business,666,419173,Self-Employed
9749,Laurie,Cox,04-08-1984,97890289,Business,738,76875,Self-Employed
9773,Robert,Pham,16-06-1987,97894352,Business,430,462649,Unemployed
9774,Max,Monroe,20-11-2003,97924151,Individual,624,189874,Salaried
9777,Heather,James,30-10-1983,97924901,Individual,705,167751,Salaried
9808,Kristen,Bowen,31-03-1984,98581654,Business,850,432128,Salaried
9831,Leslie,Martin,27-01-1999,98582538,Business,502,173110,Self-Employed
9838,Bryce,Montgomery,21-12-1973,98587007,Individual,779,88941,Unemployed
9867,Ann,Sanford,16-10-1976,98617690,Individual,744,340802,Retired
9869,Janet,Garcia,03-06-1984,98628416,Business,690,209182,Unemployed
9874,Jordan,Browning,01-12-2005,98652603,Individual,608,311507,Salaried
9878,Matthew,Long,16-10-1987,98658036,Individual,657,182723,Self-Employed
9885,Margaret,Benton,02-03-1998,98683176,Individual,720,311887,Self-Employed
9890,Robert,Hernandez,21-07-1980,98703668,Business,352,336614,Self-Employed
9894,Kristina,Johnson,10-11-1992,98731132,Individual,522,341013,Retired
9910,David,Walker,13-08-1963,99681400,Business,684,342990,Retired
9915,William,Gonzalez,10-06-1969,99707782,Individual,699,301590,Salaried
9924,Renee,Mueller,15-11-2003,99719331,Business,728,336157,Retired
9928,Tonya,Williams,15-06-1964,99737085,Business,795,141434,Self-Employed
9932,Erika,Romero,02-02-1967,99750066,Business,716,265051,Self-Employed
9948,Daniel,Lynch,15-11-1978,99767928,Individual,753,427275,Retired
9957,John,Blanchard,29-04-1960,99776851,Business,340,59024,Unemployed
9962,Ashley,Gaines,26-02-1982,99783064,Individual,331,230533,Retired
9966,Lori,Reyes,19-04-1955,99791980,Individual,662,422737,Retired
9967,Donald,Murphy,13-06-2001,99792714,Individual,350,184973,Self-Employed
9974,Kathleen,Taylor,18-08-1966,99809064,Business,746,198079,Self-Employed
9998,Taylor,Collins,18-10-1964,99829082,Individual,470,247140,Unemployed
